<device_state libver="3.4" filemajor="1" fileminor="0">
    <device name="DFK 72AUC02" base_name="DFK 72AUC02" unique_name="DFK 72AUC02 45710426">
        <videoformat>RGB32 (640x480)</videoformat>
        <fps>50.</fps>
        <vcdpropertyitems>
            <item guid="{284C0E06-010B-45BF-8291-09D90A459B28}" name="Brightness">
                <element guid="{B57D3000-0AC6-4819-A609-272A33140ACA}" name="Value">
                    <itf guid="{99B44940-BFE1-4083-ADA1-BE703F4B8E03}" value="0" />
                </element>
            </item>
            <item guid="{284C0E07-010B-45BF-8291-09D90A459B28}" name="Contrast">
                <element guid="{B57D3000-0AC6-4819-A609-272A33140ACA}" name="Value">
                    <itf guid="{99B44940-BFE1-4083-ADA1-BE703F4B8E03}" value="0" />
                </element>
            </item>
            <item guid="{284C0E08-010B-45BF-8291-09D90A459B28}" name="Hue">
                <element guid="{B57D3000-0AC6-4819-A609-272A33140ACA}" name="Value">
                    <itf guid="{99B44940-BFE1-4083-ADA1-BE703F4B8E03}" value="0" />
                </element>
            </item>
            <item guid="{284C0E09-010B-45BF-8291-09D90A459B28}" name="Saturation">
                <element guid="{B57D3000-0AC6-4819-A609-272A33140ACA}" name="Value">
                    <itf guid="{99B44940-BFE1-4083-ADA1-BE703F4B8E03}" value="64" />
                </element>
            </item>
            <item guid="{284C0E0A-010B-45BF-8291-09D90A459B28}" name="Sharpness">
                <element guid="{B57D3000-0AC6-4819-A609-272A33140ACA}" name="Value">
                    <itf guid="{99B44940-BFE1-4083-ADA1-BE703F4B8E03}" value="0" />
                </element>
            </item>
            <item guid="{284C0E0B-010B-45BF-8291-09D90A459B28}" name="Gamma">
                <element guid="{B57D3000-0AC6-4819-A609-272A33140ACA}" name="Value">
                    <itf guid="{99B44940-BFE1-4083-ADA1-BE703F4B8E03}" value="100" />
                </element>
            </item>
            <item guid="{284C0E0D-010B-45BF-8291-09D90A459B28}" name="WhiteBalance">
                <element guid="{B57D3001-0AC6-4819-A609-272A33140ACA}" name="Auto">
                    <itf guid="{99B44940-BFE1-4083-ADA1-BE703F4B8E04}" value="1" />
                </element>
                <element guid="{AB98F78D-18A6-4EB2-A556-C11010EC9DF7}" name="WhiteBalance Mode">
                    <itf guid="{99B44940-BFE1-4083-ADA1-BE703F4B8E06}" value="0" />
                </element>
            </item>
            <item guid="{284C0E0F-010B-45BF-8291-09D90A459B28}" name="Gain">
                <element guid="{B57D3001-0AC6-4819-A609-272A33140ACA}" name="Auto">
                    <itf guid="{99B44940-BFE1-4083-ADA1-BE703F4B8E04}" value="0" />
                </element>
                <element guid="{B57D3000-0AC6-4819-A609-272A33140ACA}" name="Value">
                    <itf guid="{99B44940-BFE1-4083-ADA1-BE703F4B8E03}" value="4" />
                </element>
            </item>
            <item guid="{90D5702E-E43B-4366-AAEB-7A7A10B448B4}" name="Exposure">
                <element guid="{B57D3001-0AC6-4819-A609-272A33140ACA}" name="Auto">
                    <itf guid="{99B44940-BFE1-4083-ADA1-BE703F4B8E04}" value="0" />
                </element>
                <element guid="{B57D3000-0AC6-4819-A609-272A33140ACA}" name="Value">
                    <itf guid="{99B44940-BFE1-4083-ADA1-BE703F4B8E08}" value="1.89999999999999995281552145343e-02" />
                </element>
                <element guid="{65190390-1AD8-4E91-9021-66D64090CC85}" name="Auto">
                    <itf guid="{99B44940-BFE1-4083-ADA1-BE703F4B8E04}" value="1" />
                </element>
                <element guid="{6519038C-1AD8-4E91-9021-66D64090CC85}" name="Auto Reference">
                    <itf guid="{99B44940-BFE1-4083-ADA1-BE703F4B8E03}" value="128" />
                </element>
            </item>
            <item guid="{90D57031-E43B-4366-AAEB-7A7A10B448B4}" name="Trigger">
                <element guid="{B57D3000-0AC6-4819-A609-272A33140ACA}" name="Enable">
                    <itf guid="{99B44940-BFE1-4083-ADA1-BE703F4B8E04}" value="0" />
                </element>
            </item>
            <item guid="{C3C9944A-E6F6-4E25-A0BE-53C066AB65D8}" name="Denoise">
                <element guid="{B57D3000-0AC6-4819-A609-272A33140ACA}" name="Value">
                    <itf guid="{99B44940-BFE1-4083-ADA1-BE703F4B8E03}" value="0" />
                </element>
            </item>
            <item guid="{86D89D69-9880-4618-9BF6-DED5E8383449}" name="GPIO">
                <element guid="{7D006621-761D-4B88-9C5F-8B906857A501}" name="GP Out">
                    <itf guid="{99B44940-BFE1-4083-ADA1-BE703F4B8E03}" value="0" />
                </element>
            </item>
            <item guid="{4F95A06D-9C15-407B-96AB-CF3FED047BA4}" name="Binning factor">
                <element guid="{B57D3000-0AC6-4819-A609-272A33140ACA}" name="Value">
                    <itf guid="{99B44940-BFE1-4083-ADA1-BE703F4B8E06}" value="1" />
                </element>
            </item>
            <item guid="{3A3A8F77-6440-46CC-940A-8752B02E6C29}" name="Color Enhancement">
                <element guid="{B57D3000-0AC6-4819-A609-272A33140ACA}" name="Enable">
                    <itf guid="{99B44940-BFE1-4083-ADA1-BE703F4B8E04}" value="1" />
                </element>
            </item>
            <item guid="{546541AD-C815-4D82-AFA9-9D59AF9F399E}" name="Highlight reduction">
                <element guid="{B57D3000-0AC6-4819-A609-272A33140ACA}" name="Enable">
                    <itf guid="{99B44940-BFE1-4083-ADA1-BE703F4B8E04}" value="0" />
                </element>
            </item>
            <item guid="{3D505AC4-1A28-428B-83E5-85AA8EB441C1}" name="Tone Mapping">
                <element guid="{B57D3001-0AC6-4819-A609-272A33140ACA}" name="Auto">
                    <itf guid="{99B44940-BFE1-4083-ADA1-BE703F4B8E04}" value="1" />
                </element>
                <element guid="{B57D3000-0AC6-4819-A609-272A33140ACA}" name="Enable">
                    <itf guid="{99B44940-BFE1-4083-ADA1-BE703F4B8E04}" value="0" />
                </element>
            </item>
            <item guid="{2CED6FD6-AB4D-4C74-904C-D682E53B9CC5}" name="Partial scan">
                <element guid="{36EAA683-3321-44BE-9D73-E1FD4C3FDB87}" name="Auto-center">
                    <itf guid="{99B44940-BFE1-4083-ADA1-BE703F4B8E04}" value="1" />
                </element>
            </item>
            <item guid="{DC320EDE-DF2E-4A90-B926-71417C71C57C}" name="Strobe">
                <element guid="{B57D3000-0AC6-4819-A609-272A33140ACA}" name="Enable">
                    <itf guid="{99B44940-BFE1-4083-ADA1-BE703F4B8E04}" value="0" />
                </element>
            </item>
        </vcdpropertyitems>
    </device>
</device_state>
